,condName,__name__,MooringFile,HydroFile|WaveHs,HydroFile|WaveTp,HydroFile|WaveDir,HydroFile|WaveSeed(1),HydroFile|CurrMod,HydroFile|CurrDIV,HydroFile|CurrDIDir,InflowFile|PropagationDir,InflowFile|FileName_BTS,EDFile|NacYaw,EDFile|RotSpeed,EDFile|PtfmSurge,EDFile|BlPitch(1),EDFile|BlPitch(2),EDFile|BlPitch(3),ServoFile|PCMode,HydroFile|DiffQTF,windSpeed,windShear
0,DLC1.6_0,Run_P200_C135_L1430_clump40_DLC1.6_0_S1,"""Moordyn_P200_C135_L1430_clump40_DLC1.6_0.dat""",10.5,18.7,0,616750923,1,0.92,0,0,"""W:\TurbSim\workSpace\T49_extreme_turbsim\wind_DLC1.6_seed1.bts""",0,,,,,,,,10.59,0.14
1,DLC1.6_0,Run_P200_C135_L1430_clump40_DLC1.6_0_S2,"""Moordyn_P200_C135_L1430_clump40_DLC1.6_0.dat""",10.5,18.7,0,-1277587284,1,0.92,0,0,"""W:\TurbSim\workSpace\T49_extreme_turbsim\wind_DLC1.6_seed2.bts""",0,,,,,,,,10.59,0.14
2,DLC1.6_0,Run_P200_C135_L1430_clump40_DLC1.6_0_S3,"""Moordyn_P200_C135_L1430_clump40_DLC1.6_0.dat""",10.5,18.7,0,656060238,1,0.92,0,0,"""W:\TurbSim\workSpace\T49_extreme_turbsim\wind_DLC1.6_seed3.bts""",0,,,,,,,,10.59,0.14
3,DLC1.6_0,Run_P200_C135_L1430_clump40_DLC1.6_0_S4,"""Moordyn_P200_C135_L1430_clump40_DLC1.6_0.dat""",10.5,18.7,0,70252660,1,0.92,0,0,"""W:\TurbSim\workSpace\T49_extreme_turbsim\wind_DLC1.6_seed4.bts""",0,,,,,,,,10.59,0.14
4,DLC1.6_0,Run_P200_C135_L1430_clump40_DLC1.6_0_S5,"""Moordyn_P200_C135_L1430_clump40_DLC1.6_0.dat""",10.5,18.7,0,-231648373,1,0.92,0,0,"""W:\TurbSim\workSpace\T49_extreme_turbsim\wind_DLC1.6_seed5.bts""",0,,,,,,,,10.59,0.14
5,DLC1.6_0,Run_P200_C135_L1430_clump40_DLC1.6_0_S6,"""Moordyn_P200_C135_L1430_clump40_DLC1.6_0.dat""",10.5,18.7,0,-1936996978,1,0.92,0,0,"""W:\TurbSim\workSpace\T49_extreme_turbsim\wind_DLC1.6_seed6.bts""",0,,,,,,,,10.59,0.14
6,DLC1.6_0,Run_P200_C135_L1430_clump40_DLC1.6_0_S7,"""Moordyn_P200_C135_L1430_clump40_DLC1.6_0.dat""",10.5,18.7,0,1735223515,1,0.92,0,0,"""W:\TurbSim\workSpace\T49_extreme_turbsim\wind_DLC1.6_seed7.bts""",0,,,,,,,,10.59,0.14
7,DLC1.6_0,Run_P200_C135_L1430_clump40_DLC1.6_0_S8,"""Moordyn_P200_C135_L1430_clump40_DLC1.6_0.dat""",10.5,18.7,0,1745191810,1,0.92,0,0,"""W:\TurbSim\workSpace\T49_extreme_turbsim\wind_DLC1.6_seed8.bts""",0,,,,,,,,10.59,0.14
8,DLC1.6_0,Run_P200_C135_L1430_clump40_DLC1.6_0_S9,"""Moordyn_P200_C135_L1430_clump40_DLC1.6_0.dat""",10.5,18.7,0,-1945807222,1,0.92,0,0,"""W:\TurbSim\workSpace\T49_extreme_turbsim\wind_DLC1.6_seed9.bts""",0,,,,,,,,10.59,0.14
9,DLC1.6_0,Run_P200_C135_L1430_clump40_DLC1.6_0_S10,"""Moordyn_P200_C135_L1430_clump40_DLC1.6_0.dat""",10.5,18.7,0,1077657138,1,0.92,0,0,"""W:\TurbSim\workSpace\T49_extreme_turbsim\wind_DLC1.6_seed10.bts""",0,,,,,,,,10.59,0.14
10,DLC1.6_0,Run_P200_C135_L1430_clump40_DLC1.6_0_S11,"""Moordyn_P200_C135_L1430_clump40_DLC1.6_0.dat""",10.5,18.7,0,1527259702,1,0.92,0,0,"""W:\TurbSim\workSpace\T49_extreme_turbsim\wind_DLC1.6_seed11.bts""",0,,,,,,,,10.59,0.14
11,DLC1.6_0,Run_P200_C135_L1430_clump40_DLC1.6_0_S12,"""Moordyn_P200_C135_L1430_clump40_DLC1.6_0.dat""",10.5,18.7,0,-1030885534,1,0.92,0,0,"""W:\TurbSim\workSpace\T49_extreme_turbsim\wind_DLC1.6_seed12.bts""",0,,,,,,,,10.59,0.14
12,DLC1.6_0,Run_P200_C135_L1430_clump40_DLC1.6_0_S13,"""Moordyn_P200_C135_L1430_clump40_DLC1.6_0.dat""",10.5,18.7,0,-1945083591,1,0.92,0,0,"""W:\TurbSim\workSpace\T49_extreme_turbsim\wind_DLC1.6_seed13.bts""",0,,,,,,,,10.59,0.14
13,DLC1.6_0,Run_P200_C135_L1430_clump40_DLC1.6_0_S14,"""Moordyn_P200_C135_L1430_clump40_DLC1.6_0.dat""",10.5,18.7,0,1764962671,1,0.92,0,0,"""W:\TurbSim\workSpace\T49_extreme_turbsim\wind_DLC1.6_seed14.bts""",0,,,,,,,,10.59,0.14
14,DLC1.6_0,Run_P200_C135_L1430_clump40_DLC1.6_0_S15,"""Moordyn_P200_C135_L1430_clump40_DLC1.6_0.dat""",10.5,18.7,0,779520960,1,0.92,0,0,"""W:\TurbSim\workSpace\T49_extreme_turbsim\wind_DLC1.6_seed15.bts""",0,,,,,,,,10.59,0.14
15,DLC1.6_0,Run_P200_C135_L1430_clump40_DLC1.6_0_S16,"""Moordyn_P200_C135_L1430_clump40_DLC1.6_0.dat""",10.5,18.7,0,1436891904,1,0.92,0,0,"""W:\TurbSim\workSpace\T49_extreme_turbsim\wind_DLC1.6_seed16.bts""",0,,,,,,,,10.59,0.14
16,DLC1.6_0,Run_P200_C135_L1430_clump40_DLC1.6_0_S17,"""Moordyn_P200_C135_L1430_clump40_DLC1.6_0.dat""",10.5,18.7,0,-730769743,1,0.92,0,0,"""W:\TurbSim\workSpace\T49_extreme_turbsim\wind_DLC1.6_seed17.bts""",0,,,,,,,,10.59,0.14
17,DLC1.6_0,Run_P200_C135_L1430_clump40_DLC1.6_0_S18,"""Moordyn_P200_C135_L1430_clump40_DLC1.6_0.dat""",10.5,18.7,0,-1935594054,1,0.92,0,0,"""W:\TurbSim\workSpace\T49_extreme_turbsim\wind_DLC1.6_seed18.bts""",0,,,,,,,,10.59,0.14
18,DLC1.6_0,Run_P200_C135_L1430_clump40_DLC1.6_0_S19,"""Moordyn_P200_C135_L1430_clump40_DLC1.6_0.dat""",10.5,18.7,0,326109465,1,0.92,0,0,"""W:\TurbSim\workSpace\T49_extreme_turbsim\wind_DLC1.6_seed19.bts""",0,,,,,,,,10.59,0.14
19,DLC1.6_0,Run_P200_C135_L1430_clump40_DLC1.6_0_S20,"""Moordyn_P200_C135_L1430_clump40_DLC1.6_0.dat""",10.5,18.7,0,-950012979,1,0.92,0,0,"""W:\TurbSim\workSpace\T49_extreme_turbsim\wind_DLC1.6_seed20.bts""",0,,,,,,,,10.59,0.14
20,DLC1.6_0,Run_P200_C135_L1430_clump40_DLC1.6_0_S21,"""Moordyn_P200_C135_L1430_clump40_DLC1.6_0.dat""",10.5,18.7,0,-329590520,1,0.92,0,0,"""W:\TurbSim\workSpace\T49_extreme_turbsim\wind_DLC1.6_seed21.bts""",0,,,,,,,,10.59,0.14
21,DLC1.6_0,Run_P200_C135_L1430_clump40_DLC1.6_0_S22,"""Moordyn_P200_C135_L1430_clump40_DLC1.6_0.dat""",10.5,18.7,0,308041018,1,0.92,0,0,"""W:\TurbSim\workSpace\T49_extreme_turbsim\wind_DLC1.6_seed22.bts""",0,,,,,,,,10.59,0.14
22,DLC1.6_0,Run_P200_C135_L1430_clump40_DLC1.6_0_S23,"""Moordyn_P200_C135_L1430_clump40_DLC1.6_0.dat""",10.5,18.7,0,-172126049,1,0.92,0,0,"""W:\TurbSim\workSpace\T49_extreme_turbsim\wind_DLC1.6_seed23.bts""",0,,,,,,,,10.59,0.14
23,DLC1.6_0,Run_P200_C135_L1430_clump40_DLC1.6_0_S24,"""Moordyn_P200_C135_L1430_clump40_DLC1.6_0.dat""",10.5,18.7,0,-1495925177,1,0.92,0,0,"""W:\TurbSim\workSpace\T49_extreme_turbsim\wind_DLC1.6_seed24.bts""",0,,,,,,,,10.59,0.14
24,DLC1.6_0,Run_P200_C135_L1430_clump40_DLC1.6_0_S25,"""Moordyn_P200_C135_L1430_clump40_DLC1.6_0.dat""",10.5,18.7,0,956053432,1,0.92,0,0,"""W:\TurbSim\workSpace\T49_extreme_turbsim\wind_DLC1.6_seed25.bts""",0,,,,,,,,10.59,0.14
25,DLC1.6_0,Run_P200_C135_L1430_clump40_DLC1.6_0_S26,"""Moordyn_P200_C135_L1430_clump40_DLC1.6_0.dat""",10.5,18.7,0,696150028,1,0.92,0,0,"""W:\TurbSim\workSpace\T49_extreme_turbsim\wind_DLC1.6_seed26.bts""",0,,,,,,,,10.59,0.14
26,DLC1.6_0,Run_P200_C135_L1430_clump40_DLC1.6_0_S27,"""Moordyn_P200_C135_L1430_clump40_DLC1.6_0.dat""",10.5,18.7,0,246055526,1,0.92,0,0,"""W:\TurbSim\workSpace\T49_extreme_turbsim\wind_DLC1.6_seed27.bts""",0,,,,,,,,10.59,0.14
27,DLC1.6_0,Run_P200_C135_L1430_clump40_DLC1.6_0_S28,"""Moordyn_P200_C135_L1430_clump40_DLC1.6_0.dat""",10.5,18.7,0,-1360756145,1,0.92,0,0,"""W:\TurbSim\workSpace\T49_extreme_turbsim\wind_DLC1.6_seed28.bts""",0,,,,,,,,10.59,0.14
28,DLC1.6_0,Run_P200_C135_L1430_clump40_DLC1.6_0_S29,"""Moordyn_P200_C135_L1430_clump40_DLC1.6_0.dat""",10.5,18.7,0,-1184698103,1,0.92,0,0,"""W:\TurbSim\workSpace\T49_extreme_turbsim\wind_DLC1.6_seed29.bts""",0,,,,,,,,10.59,0.14
29,DLC1.6_0,Run_P200_C135_L1430_clump40_DLC1.6_0_S30,"""Moordyn_P200_C135_L1430_clump40_DLC1.6_0.dat""",10.5,18.7,0,-2069752865,1,0.92,0,0,"""W:\TurbSim\workSpace\T49_extreme_turbsim\wind_DLC1.6_seed30.bts""",0,,,,,,,,10.59,0.14
30,DLC6.1_0,Run_P200_C135_L1430_clump40_DLC6.1_0_S1,"""Moordyn_P200_C135_L1430_clump40_DLC6.1_0.dat""",11.8,19.8,0,-761627469,1,1.28,0,0,"""W:\TurbSim\workSpace\T49_extreme_turbsim\wind_DLC6.1_seed1.bts""",0,0.0,0.0,90.0,90.0,90.0,0.0,,39.44,0.11
31,DLC6.1_0,Run_P200_C135_L1430_clump40_DLC6.1_0_S2,"""Moordyn_P200_C135_L1430_clump40_DLC6.1_0.dat""",11.8,19.8,0,2073531782,1,1.28,0,0,"""W:\TurbSim\workSpace\T49_extreme_turbsim\wind_DLC6.1_seed2.bts""",0,0.0,0.0,90.0,90.0,90.0,0.0,,39.44,0.11
32,DLC6.1_0,Run_P200_C135_L1430_clump40_DLC6.1_0_S3,"""Moordyn_P200_C135_L1430_clump40_DLC6.1_0.dat""",11.8,19.8,0,41811728,1,1.28,0,0,"""W:\TurbSim\workSpace\T49_extreme_turbsim\wind_DLC6.1_seed3.bts""",0,0.0,0.0,90.0,90.0,90.0,0.0,,39.44,0.11
33,DLC6.1_0,Run_P200_C135_L1430_clump40_DLC6.1_0_S4,"""Moordyn_P200_C135_L1430_clump40_DLC6.1_0.dat""",11.8,19.8,0,1252439177,1,1.28,0,0,"""W:\TurbSim\workSpace\T49_extreme_turbsim\wind_DLC6.1_seed4.bts""",0,0.0,0.0,90.0,90.0,90.0,0.0,,39.44,0.11
34,DLC6.1_0,Run_P200_C135_L1430_clump40_DLC6.1_0_S5,"""Moordyn_P200_C135_L1430_clump40_DLC6.1_0.dat""",11.8,19.8,0,451632258,1,1.28,0,0,"""W:\TurbSim\workSpace\T49_extreme_turbsim\wind_DLC6.1_seed5.bts""",0,0.0,0.0,90.0,90.0,90.0,0.0,,39.44,0.11
35,DLC6.1_0,Run_P200_C135_L1430_clump40_DLC6.1_0_S6,"""Moordyn_P200_C135_L1430_clump40_DLC6.1_0.dat""",11.8,19.8,0,-1701447420,1,1.28,0,0,"""W:\TurbSim\workSpace\T49_extreme_turbsim\wind_DLC6.1_seed6.bts""",0,0.0,0.0,90.0,90.0,90.0,0.0,,39.44,0.11
36,DLC6.1_0,Run_P200_C135_L1430_clump40_DLC6.1_0_S7,"""Moordyn_P200_C135_L1430_clump40_DLC6.1_0.dat""",11.8,19.8,0,-971886167,1,1.28,0,0,"""W:\TurbSim\workSpace\T49_extreme_turbsim\wind_DLC6.1_seed7.bts""",0,0.0,0.0,90.0,90.0,90.0,0.0,,39.44,0.11
37,DLC6.1_0,Run_P200_C135_L1430_clump40_DLC6.1_0_S8,"""Moordyn_P200_C135_L1430_clump40_DLC6.1_0.dat""",11.8,19.8,0,201616016,1,1.28,0,0,"""W:\TurbSim\workSpace\T49_extreme_turbsim\wind_DLC6.1_seed8.bts""",0,0.0,0.0,90.0,90.0,90.0,0.0,,39.44,0.11
38,DLC6.1_0,Run_P200_C135_L1430_clump40_DLC6.1_0_S9,"""Moordyn_P200_C135_L1430_clump40_DLC6.1_0.dat""",11.8,19.8,0,-2118491553,1,1.28,0,0,"""W:\TurbSim\workSpace\T49_extreme_turbsim\wind_DLC6.1_seed9.bts""",0,0.0,0.0,90.0,90.0,90.0,0.0,,39.44,0.11
39,DLC6.1_0,Run_P200_C135_L1430_clump40_DLC6.1_0_S10,"""Moordyn_P200_C135_L1430_clump40_DLC6.1_0.dat""",11.8,19.8,0,-1290399183,1,1.28,0,0,"""W:\TurbSim\workSpace\T49_extreme_turbsim\wind_DLC6.1_seed10.bts""",0,0.0,0.0,90.0,90.0,90.0,0.0,,39.44,0.11
40,DLC6.1_0,Run_P200_C135_L1430_clump40_DLC6.1_0_S11,"""Moordyn_P200_C135_L1430_clump40_DLC6.1_0.dat""",11.8,19.8,0,286729534,1,1.28,0,0,"""W:\TurbSim\workSpace\T49_extreme_turbsim\wind_DLC6.1_seed11.bts""",0,0.0,0.0,90.0,90.0,90.0,0.0,,39.44,0.11
41,DLC6.1_0,Run_P200_C135_L1430_clump40_DLC6.1_0_S12,"""Moordyn_P200_C135_L1430_clump40_DLC6.1_0.dat""",11.8,19.8,0,-1721082839,1,1.28,0,0,"""W:\TurbSim\workSpace\T49_extreme_turbsim\wind_DLC6.1_seed12.bts""",0,0.0,0.0,90.0,90.0,90.0,0.0,,39.44,0.11
42,DLC6.1_0,Run_P200_C135_L1430_clump40_DLC6.1_0_S13,"""Moordyn_P200_C135_L1430_clump40_DLC6.1_0.dat""",11.8,19.8,0,1754949579,1,1.28,0,0,"""W:\TurbSim\workSpace\T49_extreme_turbsim\wind_DLC6.1_seed13.bts""",0,0.0,0.0,90.0,90.0,90.0,0.0,,39.44,0.11
43,DLC6.1_0,Run_P200_C135_L1430_clump40_DLC6.1_0_S14,"""Moordyn_P200_C135_L1430_clump40_DLC6.1_0.dat""",11.8,19.8,0,1962224185,1,1.28,0,0,"""W:\TurbSim\workSpace\T49_extreme_turbsim\wind_DLC6.1_seed14.bts""",0,0.0,0.0,90.0,90.0,90.0,0.0,,39.44,0.11
44,DLC6.1_0,Run_P200_C135_L1430_clump40_DLC6.1_0_S15,"""Moordyn_P200_C135_L1430_clump40_DLC6.1_0.dat""",11.8,19.8,0,-499222695,1,1.28,0,0,"""W:\TurbSim\workSpace\T49_extreme_turbsim\wind_DLC6.1_seed15.bts""",0,0.0,0.0,90.0,90.0,90.0,0.0,,39.44,0.11
45,DLC6.1_0,Run_P200_C135_L1430_clump40_DLC6.1_0_S16,"""Moordyn_P200_C135_L1430_clump40_DLC6.1_0.dat""",11.8,19.8,0,-1391612363,1,1.28,0,0,"""W:\TurbSim\workSpace\T49_extreme_turbsim\wind_DLC6.1_seed16.bts""",0,0.0,0.0,90.0,90.0,90.0,0.0,,39.44,0.11
46,DLC6.1_0,Run_P200_C135_L1430_clump40_DLC6.1_0_S17,"""Moordyn_P200_C135_L1430_clump40_DLC6.1_0.dat""",11.8,19.8,0,141561280,1,1.28,0,0,"""W:\TurbSim\workSpace\T49_extreme_turbsim\wind_DLC6.1_seed17.bts""",0,0.0,0.0,90.0,90.0,90.0,0.0,,39.44,0.11
47,DLC6.1_0,Run_P200_C135_L1430_clump40_DLC6.1_0_S18,"""Moordyn_P200_C135_L1430_clump40_DLC6.1_0.dat""",11.8,19.8,0,-1811209210,1,1.28,0,0,"""W:\TurbSim\workSpace\T49_extreme_turbsim\wind_DLC6.1_seed18.bts""",0,0.0,0.0,90.0,90.0,90.0,0.0,,39.44,0.11
48,DLC6.1_0,Run_P200_C135_L1430_clump40_DLC6.1_0_S19,"""Moordyn_P200_C135_L1430_clump40_DLC6.1_0.dat""",11.8,19.8,0,-558332422,1,1.28,0,0,"""W:\TurbSim\workSpace\T49_extreme_turbsim\wind_DLC6.1_seed19.bts""",0,0.0,0.0,90.0,90.0,90.0,0.0,,39.44,0.11
49,DLC6.1_0,Run_P200_C135_L1430_clump40_DLC6.1_0_S20,"""Moordyn_P200_C135_L1430_clump40_DLC6.1_0.dat""",11.8,19.8,0,692641584,1,1.28,0,0,"""W:\TurbSim\workSpace\T49_extreme_turbsim\wind_DLC6.1_seed20.bts""",0,0.0,0.0,90.0,90.0,90.0,0.0,,39.44,0.11
50,DLC6.1_0,Run_P200_C135_L1430_clump40_DLC6.1_0_S21,"""Moordyn_P200_C135_L1430_clump40_DLC6.1_0.dat""",11.8,19.8,0,-1152789551,1,1.28,0,0,"""W:\TurbSim\workSpace\T49_extreme_turbsim\wind_DLC6.1_seed21.bts""",0,0.0,0.0,90.0,90.0,90.0,0.0,,39.44,0.11
51,DLC6.1_0,Run_P200_C135_L1430_clump40_DLC6.1_0_S22,"""Moordyn_P200_C135_L1430_clump40_DLC6.1_0.dat""",11.8,19.8,0,-2082196313,1,1.28,0,0,"""W:\TurbSim\workSpace\T49_extreme_turbsim\wind_DLC6.1_seed22.bts""",0,0.0,0.0,90.0,90.0,90.0,0.0,,39.44,0.11
52,DLC6.1_0,Run_P200_C135_L1430_clump40_DLC6.1_0_S23,"""Moordyn_P200_C135_L1430_clump40_DLC6.1_0.dat""",11.8,19.8,0,1604750523,1,1.28,0,0,"""W:\TurbSim\workSpace\T49_extreme_turbsim\wind_DLC6.1_seed23.bts""",0,0.0,0.0,90.0,90.0,90.0,0.0,,39.44,0.11
53,DLC6.1_0,Run_P200_C135_L1430_clump40_DLC6.1_0_S24,"""Moordyn_P200_C135_L1430_clump40_DLC6.1_0.dat""",11.8,19.8,0,879674121,1,1.28,0,0,"""W:\TurbSim\workSpace\T49_extreme_turbsim\wind_DLC6.1_seed24.bts""",0,0.0,0.0,90.0,90.0,90.0,0.0,,39.44,0.11
54,DLC6.1_0,Run_P200_C135_L1430_clump40_DLC6.1_0_S25,"""Moordyn_P200_C135_L1430_clump40_DLC6.1_0.dat""",11.8,19.8,0,511471906,1,1.28,0,0,"""W:\TurbSim\workSpace\T49_extreme_turbsim\wind_DLC6.1_seed25.bts""",0,0.0,0.0,90.0,90.0,90.0,0.0,,39.44,0.11
55,DLC6.1_0,Run_P200_C135_L1430_clump40_DLC6.1_0_S26,"""Moordyn_P200_C135_L1430_clump40_DLC6.1_0.dat""",11.8,19.8,0,1169108221,1,1.28,0,0,"""W:\TurbSim\workSpace\T49_extreme_turbsim\wind_DLC6.1_seed26.bts""",0,0.0,0.0,90.0,90.0,90.0,0.0,,39.44,0.11
56,DLC6.1_0,Run_P200_C135_L1430_clump40_DLC6.1_0_S27,"""Moordyn_P200_C135_L1430_clump40_DLC6.1_0.dat""",11.8,19.8,0,1107740543,1,1.28,0,0,"""W:\TurbSim\workSpace\T49_extreme_turbsim\wind_DLC6.1_seed27.bts""",0,0.0,0.0,90.0,90.0,90.0,0.0,,39.44,0.11
57,DLC6.1_0,Run_P200_C135_L1430_clump40_DLC6.1_0_S28,"""Moordyn_P200_C135_L1430_clump40_DLC6.1_0.dat""",11.8,19.8,0,-1754466253,1,1.28,0,0,"""W:\TurbSim\workSpace\T49_extreme_turbsim\wind_DLC6.1_seed28.bts""",0,0.0,0.0,90.0,90.0,90.0,0.0,,39.44,0.11
58,DLC6.1_0,Run_P200_C135_L1430_clump40_DLC6.1_0_S29,"""Moordyn_P200_C135_L1430_clump40_DLC6.1_0.dat""",11.8,19.8,0,347601855,1,1.28,0,0,"""W:\TurbSim\workSpace\T49_extreme_turbsim\wind_DLC6.1_seed29.bts""",0,0.0,0.0,90.0,90.0,90.0,0.0,,39.44,0.11
59,DLC6.1_0,Run_P200_C135_L1430_clump40_DLC6.1_0_S30,"""Moordyn_P200_C135_L1430_clump40_DLC6.1_0.dat""",11.8,19.8,0,767620246,1,1.28,0,0,"""W:\TurbSim\workSpace\T49_extreme_turbsim\wind_DLC6.1_seed30.bts""",0,0.0,0.0,90.0,90.0,90.0,0.0,,39.44,0.11
60,SLC_0,Run_P200_C135_L1430_clump40_SLC_0_S1,"""Moordyn_P200_C135_L1430_clump40_SLC_0.dat""",13.7,21.4,0,-531700976,1,1.44,0,0,"""W:\TurbSim\workSpace\T49_extreme_turbsim\wind_SLC_seed1.bts""",0,0.0,0.0,90.0,90.0,90.0,0.0,,42.97,0.11
61,SLC_0,Run_P200_C135_L1430_clump40_SLC_0_S2,"""Moordyn_P200_C135_L1430_clump40_SLC_0.dat""",13.7,21.4,0,786119099,1,1.44,0,0,"""W:\TurbSim\workSpace\T49_extreme_turbsim\wind_SLC_seed2.bts""",0,0.0,0.0,90.0,90.0,90.0,0.0,,42.97,0.11
62,SLC_0,Run_P200_C135_L1430_clump40_SLC_0_S3,"""Moordyn_P200_C135_L1430_clump40_SLC_0.dat""",13.7,21.4,0,-1037199744,1,1.44,0,0,"""W:\TurbSim\workSpace\T49_extreme_turbsim\wind_SLC_seed3.bts""",0,0.0,0.0,90.0,90.0,90.0,0.0,,42.97,0.11
63,SLC_0,Run_P200_C135_L1430_clump40_SLC_0_S4,"""Moordyn_P200_C135_L1430_clump40_SLC_0.dat""",13.7,21.4,0,759798766,1,1.44,0,0,"""W:\TurbSim\workSpace\T49_extreme_turbsim\wind_SLC_seed4.bts""",0,0.0,0.0,90.0,90.0,90.0,0.0,,42.97,0.11
64,SLC_0,Run_P200_C135_L1430_clump40_SLC_0_S5,"""Moordyn_P200_C135_L1430_clump40_SLC_0.dat""",13.7,21.4,0,1223365217,1,1.44,0,0,"""W:\TurbSim\workSpace\T49_extreme_turbsim\wind_SLC_seed5.bts""",0,0.0,0.0,90.0,90.0,90.0,0.0,,42.97,0.11
65,SLC_0,Run_P200_C135_L1430_clump40_SLC_0_S6,"""Moordyn_P200_C135_L1430_clump40_SLC_0.dat""",13.7,21.4,0,1795521192,1,1.44,0,0,"""W:\TurbSim\workSpace\T49_extreme_turbsim\wind_SLC_seed6.bts""",0,0.0,0.0,90.0,90.0,90.0,0.0,,42.97,0.11
66,SLC_0,Run_P200_C135_L1430_clump40_SLC_0_S7,"""Moordyn_P200_C135_L1430_clump40_SLC_0.dat""",13.7,21.4,0,-844861617,1,1.44,0,0,"""W:\TurbSim\workSpace\T49_extreme_turbsim\wind_SLC_seed7.bts""",0,0.0,0.0,90.0,90.0,90.0,0.0,,42.97,0.11
67,SLC_0,Run_P200_C135_L1430_clump40_SLC_0_S8,"""Moordyn_P200_C135_L1430_clump40_SLC_0.dat""",13.7,21.4,0,-1957234771,1,1.44,0,0,"""W:\TurbSim\workSpace\T49_extreme_turbsim\wind_SLC_seed8.bts""",0,0.0,0.0,90.0,90.0,90.0,0.0,,42.97,0.11
68,SLC_0,Run_P200_C135_L1430_clump40_SLC_0_S9,"""Moordyn_P200_C135_L1430_clump40_SLC_0.dat""",13.7,21.4,0,1309516595,1,1.44,0,0,"""W:\TurbSim\workSpace\T49_extreme_turbsim\wind_SLC_seed9.bts""",0,0.0,0.0,90.0,90.0,90.0,0.0,,42.97,0.11
69,SLC_0,Run_P200_C135_L1430_clump40_SLC_0_S10,"""Moordyn_P200_C135_L1430_clump40_SLC_0.dat""",13.7,21.4,0,1391729298,1,1.44,0,0,"""W:\TurbSim\workSpace\T49_extreme_turbsim\wind_SLC_seed10.bts""",0,0.0,0.0,90.0,90.0,90.0,0.0,,42.97,0.11
70,SLC_0,Run_P200_C135_L1430_clump40_SLC_0_S11,"""Moordyn_P200_C135_L1430_clump40_SLC_0.dat""",13.7,21.4,0,1147045195,1,1.44,0,0,"""W:\TurbSim\workSpace\T49_extreme_turbsim\wind_SLC_seed11.bts""",0,0.0,0.0,90.0,90.0,90.0,0.0,,42.97,0.11
71,SLC_0,Run_P200_C135_L1430_clump40_SLC_0_S12,"""Moordyn_P200_C135_L1430_clump40_SLC_0.dat""",13.7,21.4,0,-15430479,1,1.44,0,0,"""W:\TurbSim\workSpace\T49_extreme_turbsim\wind_SLC_seed12.bts""",0,0.0,0.0,90.0,90.0,90.0,0.0,,42.97,0.11
72,SLC_0,Run_P200_C135_L1430_clump40_SLC_0_S13,"""Moordyn_P200_C135_L1430_clump40_SLC_0.dat""",13.7,21.4,0,1875441412,1,1.44,0,0,"""W:\TurbSim\workSpace\T49_extreme_turbsim\wind_SLC_seed13.bts""",0,0.0,0.0,90.0,90.0,90.0,0.0,,42.97,0.11
73,SLC_0,Run_P200_C135_L1430_clump40_SLC_0_S14,"""Moordyn_P200_C135_L1430_clump40_SLC_0.dat""",13.7,21.4,0,1360302694,1,1.44,0,0,"""W:\TurbSim\workSpace\T49_extreme_turbsim\wind_SLC_seed14.bts""",0,0.0,0.0,90.0,90.0,90.0,0.0,,42.97,0.11
74,SLC_0,Run_P200_C135_L1430_clump40_SLC_0_S15,"""Moordyn_P200_C135_L1430_clump40_SLC_0.dat""",13.7,21.4,0,-967391264,1,1.44,0,0,"""W:\TurbSim\workSpace\T49_extreme_turbsim\wind_SLC_seed15.bts""",0,0.0,0.0,90.0,90.0,90.0,0.0,,42.97,0.11
75,SLC_0,Run_P200_C135_L1430_clump40_SLC_0_S16,"""Moordyn_P200_C135_L1430_clump40_SLC_0.dat""",13.7,21.4,0,1255595466,1,1.44,0,0,"""W:\TurbSim\workSpace\T49_extreme_turbsim\wind_SLC_seed16.bts""",0,0.0,0.0,90.0,90.0,90.0,0.0,,42.97,0.11
76,SLC_0,Run_P200_C135_L1430_clump40_SLC_0_S17,"""Moordyn_P200_C135_L1430_clump40_SLC_0.dat""",13.7,21.4,0,-778125394,1,1.44,0,0,"""W:\TurbSim\workSpace\T49_extreme_turbsim\wind_SLC_seed17.bts""",0,0.0,0.0,90.0,90.0,90.0,0.0,,42.97,0.11
77,SLC_0,Run_P200_C135_L1430_clump40_SLC_0_S18,"""Moordyn_P200_C135_L1430_clump40_SLC_0.dat""",13.7,21.4,0,1676125536,1,1.44,0,0,"""W:\TurbSim\workSpace\T49_extreme_turbsim\wind_SLC_seed18.bts""",0,0.0,0.0,90.0,90.0,90.0,0.0,,42.97,0.11
78,SLC_0,Run_P200_C135_L1430_clump40_SLC_0_S19,"""Moordyn_P200_C135_L1430_clump40_SLC_0.dat""",13.7,21.4,0,497654872,1,1.44,0,0,"""W:\TurbSim\workSpace\T49_extreme_turbsim\wind_SLC_seed19.bts""",0,0.0,0.0,90.0,90.0,90.0,0.0,,42.97,0.11
79,SLC_0,Run_P200_C135_L1430_clump40_SLC_0_S20,"""Moordyn_P200_C135_L1430_clump40_SLC_0.dat""",13.7,21.4,0,-1027350337,1,1.44,0,0,"""W:\TurbSim\workSpace\T49_extreme_turbsim\wind_SLC_seed20.bts""",0,0.0,0.0,90.0,90.0,90.0,0.0,,42.97,0.11
80,SLC_0,Run_P200_C135_L1430_clump40_SLC_0_S21,"""Moordyn_P200_C135_L1430_clump40_SLC_0.dat""",13.7,21.4,0,1431494574,1,1.44,0,0,"""W:\TurbSim\workSpace\T49_extreme_turbsim\wind_SLC_seed21.bts""",0,0.0,0.0,90.0,90.0,90.0,0.0,,42.97,0.11
81,SLC_0,Run_P200_C135_L1430_clump40_SLC_0_S22,"""Moordyn_P200_C135_L1430_clump40_SLC_0.dat""",13.7,21.4,0,215746491,1,1.44,0,0,"""W:\TurbSim\workSpace\T49_extreme_turbsim\wind_SLC_seed22.bts""",0,0.0,0.0,90.0,90.0,90.0,0.0,,42.97,0.11
82,SLC_0,Run_P200_C135_L1430_clump40_SLC_0_S23,"""Moordyn_P200_C135_L1430_clump40_SLC_0.dat""",13.7,21.4,0,730278656,1,1.44,0,0,"""W:\TurbSim\workSpace\T49_extreme_turbsim\wind_SLC_seed23.bts""",0,0.0,0.0,90.0,90.0,90.0,0.0,,42.97,0.11
83,SLC_0,Run_P200_C135_L1430_clump40_SLC_0_S24,"""Moordyn_P200_C135_L1430_clump40_SLC_0.dat""",13.7,21.4,0,1262973927,1,1.44,0,0,"""W:\TurbSim\workSpace\T49_extreme_turbsim\wind_SLC_seed24.bts""",0,0.0,0.0,90.0,90.0,90.0,0.0,,42.97,0.11
84,SLC_0,Run_P200_C135_L1430_clump40_SLC_0_S25,"""Moordyn_P200_C135_L1430_clump40_SLC_0.dat""",13.7,21.4,0,-1134463296,1,1.44,0,0,"""W:\TurbSim\workSpace\T49_extreme_turbsim\wind_SLC_seed25.bts""",0,0.0,0.0,90.0,90.0,90.0,0.0,,42.97,0.11
85,SLC_0,Run_P200_C135_L1430_clump40_SLC_0_S26,"""Moordyn_P200_C135_L1430_clump40_SLC_0.dat""",13.7,21.4,0,1102370640,1,1.44,0,0,"""W:\TurbSim\workSpace\T49_extreme_turbsim\wind_SLC_seed26.bts""",0,0.0,0.0,90.0,90.0,90.0,0.0,,42.97,0.11
86,SLC_0,Run_P200_C135_L1430_clump40_SLC_0_S27,"""Moordyn_P200_C135_L1430_clump40_SLC_0.dat""",13.7,21.4,0,-317390863,1,1.44,0,0,"""W:\TurbSim\workSpace\T49_extreme_turbsim\wind_SLC_seed27.bts""",0,0.0,0.0,90.0,90.0,90.0,0.0,,42.97,0.11
87,SLC_0,Run_P200_C135_L1430_clump40_SLC_0_S28,"""Moordyn_P200_C135_L1430_clump40_SLC_0.dat""",13.7,21.4,0,159857181,1,1.44,0,0,"""W:\TurbSim\workSpace\T49_extreme_turbsim\wind_SLC_seed28.bts""",0,0.0,0.0,90.0,90.0,90.0,0.0,,42.97,0.11
88,SLC_0,Run_P200_C135_L1430_clump40_SLC_0_S29,"""Moordyn_P200_C135_L1430_clump40_SLC_0.dat""",13.7,21.4,0,11927851,1,1.44,0,0,"""W:\TurbSim\workSpace\T49_extreme_turbsim\wind_SLC_seed29.bts""",0,0.0,0.0,90.0,90.0,90.0,0.0,,42.97,0.11
89,SLC_0,Run_P200_C135_L1430_clump40_SLC_0_S30,"""Moordyn_P200_C135_L1430_clump40_SLC_0.dat""",13.7,21.4,0,-1353542539,1,1.44,0,0,"""W:\TurbSim\workSpace\T49_extreme_turbsim\wind_SLC_seed30.bts""",0,0.0,0.0,90.0,90.0,90.0,0.0,,42.97,0.11
90,DLC1.6_180,Run_P200_C135_L1430_clump40_DLC1.6_180_S1,"""Moordyn_P200_C135_L1430_clump40_DLC1.6_180.dat""",10.5,18.7,180,-906917411,1,0.92,180,180,"""W:\TurbSim\workSpace\T49_extreme_turbsim\wind_DLC1.6_seed1.bts""",180,,,,,,,0.0,10.59,0.14
91,DLC1.6_180,Run_P200_C135_L1430_clump40_DLC1.6_180_S2,"""Moordyn_P200_C135_L1430_clump40_DLC1.6_180.dat""",10.5,18.7,180,-57481403,1,0.92,180,180,"""W:\TurbSim\workSpace\T49_extreme_turbsim\wind_DLC1.6_seed2.bts""",180,,,,,,,0.0,10.59,0.14
92,DLC1.6_180,Run_P200_C135_L1430_clump40_DLC1.6_180_S3,"""Moordyn_P200_C135_L1430_clump40_DLC1.6_180.dat""",10.5,18.7,180,232172314,1,0.92,180,180,"""W:\TurbSim\workSpace\T49_extreme_turbsim\wind_DLC1.6_seed3.bts""",180,,,,,,,0.0,10.59,0.14
93,DLC1.6_180,Run_P200_C135_L1430_clump40_DLC1.6_180_S4,"""Moordyn_P200_C135_L1430_clump40_DLC1.6_180.dat""",10.5,18.7,180,-1685023474,1,0.92,180,180,"""W:\TurbSim\workSpace\T49_extreme_turbsim\wind_DLC1.6_seed4.bts""",180,,,,,,,0.0,10.59,0.14
94,DLC1.6_180,Run_P200_C135_L1430_clump40_DLC1.6_180_S5,"""Moordyn_P200_C135_L1430_clump40_DLC1.6_180.dat""",10.5,18.7,180,679947495,1,0.92,180,180,"""W:\TurbSim\workSpace\T49_extreme_turbsim\wind_DLC1.6_seed5.bts""",180,,,,,,,0.0,10.59,0.14
95,DLC1.6_180,Run_P200_C135_L1430_clump40_DLC1.6_180_S6,"""Moordyn_P200_C135_L1430_clump40_DLC1.6_180.dat""",10.5,18.7,180,2028043994,1,0.92,180,180,"""W:\TurbSim\workSpace\T49_extreme_turbsim\wind_DLC1.6_seed6.bts""",180,,,,,,,0.0,10.59,0.14
96,DLC1.6_180,Run_P200_C135_L1430_clump40_DLC1.6_180_S7,"""Moordyn_P200_C135_L1430_clump40_DLC1.6_180.dat""",10.5,18.7,180,-1471740977,1,0.92,180,180,"""W:\TurbSim\workSpace\T49_extreme_turbsim\wind_DLC1.6_seed7.bts""",180,,,,,,,0.0,10.59,0.14
97,DLC1.6_180,Run_P200_C135_L1430_clump40_DLC1.6_180_S8,"""Moordyn_P200_C135_L1430_clump40_DLC1.6_180.dat""",10.5,18.7,180,-552546845,1,0.92,180,180,"""W:\TurbSim\workSpace\T49_extreme_turbsim\wind_DLC1.6_seed8.bts""",180,,,,,,,0.0,10.59,0.14
98,DLC1.6_180,Run_P200_C135_L1430_clump40_DLC1.6_180_S9,"""Moordyn_P200_C135_L1430_clump40_DLC1.6_180.dat""",10.5,18.7,180,-876506825,1,0.92,180,180,"""W:\TurbSim\workSpace\T49_extreme_turbsim\wind_DLC1.6_seed9.bts""",180,,,,,,,0.0,10.59,0.14
99,DLC1.6_180,Run_P200_C135_L1430_clump40_DLC1.6_180_S10,"""Moordyn_P200_C135_L1430_clump40_DLC1.6_180.dat""",10.5,18.7,180,2128833332,1,0.92,180,180,"""W:\TurbSim\workSpace\T49_extreme_turbsim\wind_DLC1.6_seed10.bts""",180,,,,,,,0.0,10.59,0.14
100,DLC1.6_180,Run_P200_C135_L1430_clump40_DLC1.6_180_S11,"""Moordyn_P200_C135_L1430_clump40_DLC1.6_180.dat""",10.5,18.7,180,570771047,1,0.92,180,180,"""W:\TurbSim\workSpace\T49_extreme_turbsim\wind_DLC1.6_seed11.bts""",180,,,,,,,0.0,10.59,0.14
101,DLC1.6_180,Run_P200_C135_L1430_clump40_DLC1.6_180_S12,"""Moordyn_P200_C135_L1430_clump40_DLC1.6_180.dat""",10.5,18.7,180,19379673,1,0.92,180,180,"""W:\TurbSim\workSpace\T49_extreme_turbsim\wind_DLC1.6_seed12.bts""",180,,,,,,,0.0,10.59,0.14
102,DLC1.6_180,Run_P200_C135_L1430_clump40_DLC1.6_180_S13,"""Moordyn_P200_C135_L1430_clump40_DLC1.6_180.dat""",10.5,18.7,180,-1176074350,1,0.92,180,180,"""W:\TurbSim\workSpace\T49_extreme_turbsim\wind_DLC1.6_seed13.bts""",180,,,,,,,0.0,10.59,0.14
103,DLC1.6_180,Run_P200_C135_L1430_clump40_DLC1.6_180_S14,"""Moordyn_P200_C135_L1430_clump40_DLC1.6_180.dat""",10.5,18.7,180,1735624772,1,0.92,180,180,"""W:\TurbSim\workSpace\T49_extreme_turbsim\wind_DLC1.6_seed14.bts""",180,,,,,,,0.0,10.59,0.14
104,DLC1.6_180,Run_P200_C135_L1430_clump40_DLC1.6_180_S15,"""Moordyn_P200_C135_L1430_clump40_DLC1.6_180.dat""",10.5,18.7,180,562036157,1,0.92,180,180,"""W:\TurbSim\workSpace\T49_extreme_turbsim\wind_DLC1.6_seed15.bts""",180,,,,,,,0.0,10.59,0.14
105,DLC1.6_180,Run_P200_C135_L1430_clump40_DLC1.6_180_S16,"""Moordyn_P200_C135_L1430_clump40_DLC1.6_180.dat""",10.5,18.7,180,1782087660,1,0.92,180,180,"""W:\TurbSim\workSpace\T49_extreme_turbsim\wind_DLC1.6_seed16.bts""",180,,,,,,,0.0,10.59,0.14
106,DLC1.6_180,Run_P200_C135_L1430_clump40_DLC1.6_180_S17,"""Moordyn_P200_C135_L1430_clump40_DLC1.6_180.dat""",10.5,18.7,180,810668727,1,0.92,180,180,"""W:\TurbSim\workSpace\T49_extreme_turbsim\wind_DLC1.6_seed17.bts""",180,,,,,,,0.0,10.59,0.14
107,DLC1.6_180,Run_P200_C135_L1430_clump40_DLC1.6_180_S18,"""Moordyn_P200_C135_L1430_clump40_DLC1.6_180.dat""",10.5,18.7,180,1022149120,1,0.92,180,180,"""W:\TurbSim\workSpace\T49_extreme_turbsim\wind_DLC1.6_seed18.bts""",180,,,,,,,0.0,10.59,0.14
108,DLC1.6_180,Run_P200_C135_L1430_clump40_DLC1.6_180_S19,"""Moordyn_P200_C135_L1430_clump40_DLC1.6_180.dat""",10.5,18.7,180,-284322679,1,0.92,180,180,"""W:\TurbSim\workSpace\T49_extreme_turbsim\wind_DLC1.6_seed19.bts""",180,,,,,,,0.0,10.59,0.14
109,DLC1.6_180,Run_P200_C135_L1430_clump40_DLC1.6_180_S20,"""Moordyn_P200_C135_L1430_clump40_DLC1.6_180.dat""",10.5,18.7,180,607423343,1,0.92,180,180,"""W:\TurbSim\workSpace\T49_extreme_turbsim\wind_DLC1.6_seed20.bts""",180,,,,,,,0.0,10.59,0.14
110,DLC1.6_180,Run_P200_C135_L1430_clump40_DLC1.6_180_S21,"""Moordyn_P200_C135_L1430_clump40_DLC1.6_180.dat""",10.5,18.7,180,-103246873,1,0.92,180,180,"""W:\TurbSim\workSpace\T49_extreme_turbsim\wind_DLC1.6_seed21.bts""",180,,,,,,,0.0,10.59,0.14
111,DLC1.6_180,Run_P200_C135_L1430_clump40_DLC1.6_180_S22,"""Moordyn_P200_C135_L1430_clump40_DLC1.6_180.dat""",10.5,18.7,180,-348858643,1,0.92,180,180,"""W:\TurbSim\workSpace\T49_extreme_turbsim\wind_DLC1.6_seed22.bts""",180,,,,,,,0.0,10.59,0.14
112,DLC1.6_180,Run_P200_C135_L1430_clump40_DLC1.6_180_S23,"""Moordyn_P200_C135_L1430_clump40_DLC1.6_180.dat""",10.5,18.7,180,278081778,1,0.92,180,180,"""W:\TurbSim\workSpace\T49_extreme_turbsim\wind_DLC1.6_seed23.bts""",180,,,,,,,0.0,10.59,0.14
113,DLC1.6_180,Run_P200_C135_L1430_clump40_DLC1.6_180_S24,"""Moordyn_P200_C135_L1430_clump40_DLC1.6_180.dat""",10.5,18.7,180,-59767579,1,0.92,180,180,"""W:\TurbSim\workSpace\T49_extreme_turbsim\wind_DLC1.6_seed24.bts""",180,,,,,,,0.0,10.59,0.14
114,DLC1.6_180,Run_P200_C135_L1430_clump40_DLC1.6_180_S25,"""Moordyn_P200_C135_L1430_clump40_DLC1.6_180.dat""",10.5,18.7,180,1580908197,1,0.92,180,180,"""W:\TurbSim\workSpace\T49_extreme_turbsim\wind_DLC1.6_seed25.bts""",180,,,,,,,0.0,10.59,0.14
115,DLC1.6_180,Run_P200_C135_L1430_clump40_DLC1.6_180_S26,"""Moordyn_P200_C135_L1430_clump40_DLC1.6_180.dat""",10.5,18.7,180,-1592751284,1,0.92,180,180,"""W:\TurbSim\workSpace\T49_extreme_turbsim\wind_DLC1.6_seed26.bts""",180,,,,,,,0.0,10.59,0.14
116,DLC1.6_180,Run_P200_C135_L1430_clump40_DLC1.6_180_S27,"""Moordyn_P200_C135_L1430_clump40_DLC1.6_180.dat""",10.5,18.7,180,1601676594,1,0.92,180,180,"""W:\TurbSim\workSpace\T49_extreme_turbsim\wind_DLC1.6_seed27.bts""",180,,,,,,,0.0,10.59,0.14
117,DLC1.6_180,Run_P200_C135_L1430_clump40_DLC1.6_180_S28,"""Moordyn_P200_C135_L1430_clump40_DLC1.6_180.dat""",10.5,18.7,180,107766768,1,0.92,180,180,"""W:\TurbSim\workSpace\T49_extreme_turbsim\wind_DLC1.6_seed28.bts""",180,,,,,,,0.0,10.59,0.14
118,DLC1.6_180,Run_P200_C135_L1430_clump40_DLC1.6_180_S29,"""Moordyn_P200_C135_L1430_clump40_DLC1.6_180.dat""",10.5,18.7,180,-192563847,1,0.92,180,180,"""W:\TurbSim\workSpace\T49_extreme_turbsim\wind_DLC1.6_seed29.bts""",180,,,,,,,0.0,10.59,0.14
119,DLC1.6_180,Run_P200_C135_L1430_clump40_DLC1.6_180_S30,"""Moordyn_P200_C135_L1430_clump40_DLC1.6_180.dat""",10.5,18.7,180,-630238467,1,0.92,180,180,"""W:\TurbSim\workSpace\T49_extreme_turbsim\wind_DLC1.6_seed30.bts""",180,,,,,,,0.0,10.59,0.14
120,DLC6.1_180,Run_P200_C135_L1430_clump40_DLC6.1_180_S1,"""Moordyn_P200_C135_L1430_clump40_DLC6.1_180.dat""",11.8,19.8,180,1203076098,1,1.28,180,180,"""W:\TurbSim\workSpace\T49_extreme_turbsim\wind_DLC6.1_seed1.bts""",180,0.0,0.0,90.0,90.0,90.0,0.0,0.0,39.44,0.11
121,DLC6.1_180,Run_P200_C135_L1430_clump40_DLC6.1_180_S2,"""Moordyn_P200_C135_L1430_clump40_DLC6.1_180.dat""",11.8,19.8,180,1785163798,1,1.28,180,180,"""W:\TurbSim\workSpace\T49_extreme_turbsim\wind_DLC6.1_seed2.bts""",180,0.0,0.0,90.0,90.0,90.0,0.0,0.0,39.44,0.11
122,DLC6.1_180,Run_P200_C135_L1430_clump40_DLC6.1_180_S3,"""Moordyn_P200_C135_L1430_clump40_DLC6.1_180.dat""",11.8,19.8,180,-322389745,1,1.28,180,180,"""W:\TurbSim\workSpace\T49_extreme_turbsim\wind_DLC6.1_seed3.bts""",180,0.0,0.0,90.0,90.0,90.0,0.0,0.0,39.44,0.11
123,DLC6.1_180,Run_P200_C135_L1430_clump40_DLC6.1_180_S4,"""Moordyn_P200_C135_L1430_clump40_DLC6.1_180.dat""",11.8,19.8,180,-127493801,1,1.28,180,180,"""W:\TurbSim\workSpace\T49_extreme_turbsim\wind_DLC6.1_seed4.bts""",180,0.0,0.0,90.0,90.0,90.0,0.0,0.0,39.44,0.11
124,DLC6.1_180,Run_P200_C135_L1430_clump40_DLC6.1_180_S5,"""Moordyn_P200_C135_L1430_clump40_DLC6.1_180.dat""",11.8,19.8,180,12388436,1,1.28,180,180,"""W:\TurbSim\workSpace\T49_extreme_turbsim\wind_DLC6.1_seed5.bts""",180,0.0,0.0,90.0,90.0,90.0,0.0,0.0,39.44,0.11
125,DLC6.1_180,Run_P200_C135_L1430_clump40_DLC6.1_180_S6,"""Moordyn_P200_C135_L1430_clump40_DLC6.1_180.dat""",11.8,19.8,180,1095260603,1,1.28,180,180,"""W:\TurbSim\workSpace\T49_extreme_turbsim\wind_DLC6.1_seed6.bts""",180,0.0,0.0,90.0,90.0,90.0,0.0,0.0,39.44,0.11
126,DLC6.1_180,Run_P200_C135_L1430_clump40_DLC6.1_180_S7,"""Moordyn_P200_C135_L1430_clump40_DLC6.1_180.dat""",11.8,19.8,180,69369151,1,1.28,180,180,"""W:\TurbSim\workSpace\T49_extreme_turbsim\wind_DLC6.1_seed7.bts""",180,0.0,0.0,90.0,90.0,90.0,0.0,0.0,39.44,0.11
127,DLC6.1_180,Run_P200_C135_L1430_clump40_DLC6.1_180_S8,"""Moordyn_P200_C135_L1430_clump40_DLC6.1_180.dat""",11.8,19.8,180,-1082189532,1,1.28,180,180,"""W:\TurbSim\workSpace\T49_extreme_turbsim\wind_DLC6.1_seed8.bts""",180,0.0,0.0,90.0,90.0,90.0,0.0,0.0,39.44,0.11
128,DLC6.1_180,Run_P200_C135_L1430_clump40_DLC6.1_180_S9,"""Moordyn_P200_C135_L1430_clump40_DLC6.1_180.dat""",11.8,19.8,180,-874721630,1,1.28,180,180,"""W:\TurbSim\workSpace\T49_extreme_turbsim\wind_DLC6.1_seed9.bts""",180,0.0,0.0,90.0,90.0,90.0,0.0,0.0,39.44,0.11
129,DLC6.1_180,Run_P200_C135_L1430_clump40_DLC6.1_180_S10,"""Moordyn_P200_C135_L1430_clump40_DLC6.1_180.dat""",11.8,19.8,180,589994831,1,1.28,180,180,"""W:\TurbSim\workSpace\T49_extreme_turbsim\wind_DLC6.1_seed10.bts""",180,0.0,0.0,90.0,90.0,90.0,0.0,0.0,39.44,0.11
130,DLC6.1_180,Run_P200_C135_L1430_clump40_DLC6.1_180_S11,"""Moordyn_P200_C135_L1430_clump40_DLC6.1_180.dat""",11.8,19.8,180,1331401002,1,1.28,180,180,"""W:\TurbSim\workSpace\T49_extreme_turbsim\wind_DLC6.1_seed11.bts""",180,0.0,0.0,90.0,90.0,90.0,0.0,0.0,39.44,0.11
131,DLC6.1_180,Run_P200_C135_L1430_clump40_DLC6.1_180_S12,"""Moordyn_P200_C135_L1430_clump40_DLC6.1_180.dat""",11.8,19.8,180,-706465566,1,1.28,180,180,"""W:\TurbSim\workSpace\T49_extreme_turbsim\wind_DLC6.1_seed12.bts""",180,0.0,0.0,90.0,90.0,90.0,0.0,0.0,39.44,0.11
132,DLC6.1_180,Run_P200_C135_L1430_clump40_DLC6.1_180_S13,"""Moordyn_P200_C135_L1430_clump40_DLC6.1_180.dat""",11.8,19.8,180,686174395,1,1.28,180,180,"""W:\TurbSim\workSpace\T49_extreme_turbsim\wind_DLC6.1_seed13.bts""",180,0.0,0.0,90.0,90.0,90.0,0.0,0.0,39.44,0.11
133,DLC6.1_180,Run_P200_C135_L1430_clump40_DLC6.1_180_S14,"""Moordyn_P200_C135_L1430_clump40_DLC6.1_180.dat""",11.8,19.8,180,-1449406415,1,1.28,180,180,"""W:\TurbSim\workSpace\T49_extreme_turbsim\wind_DLC6.1_seed14.bts""",180,0.0,0.0,90.0,90.0,90.0,0.0,0.0,39.44,0.11
134,DLC6.1_180,Run_P200_C135_L1430_clump40_DLC6.1_180_S15,"""Moordyn_P200_C135_L1430_clump40_DLC6.1_180.dat""",11.8,19.8,180,1465452980,1,1.28,180,180,"""W:\TurbSim\workSpace\T49_extreme_turbsim\wind_DLC6.1_seed15.bts""",180,0.0,0.0,90.0,90.0,90.0,0.0,0.0,39.44,0.11
135,DLC6.1_180,Run_P200_C135_L1430_clump40_DLC6.1_180_S16,"""Moordyn_P200_C135_L1430_clump40_DLC6.1_180.dat""",11.8,19.8,180,1783277634,1,1.28,180,180,"""W:\TurbSim\workSpace\T49_extreme_turbsim\wind_DLC6.1_seed16.bts""",180,0.0,0.0,90.0,90.0,90.0,0.0,0.0,39.44,0.11
136,DLC6.1_180,Run_P200_C135_L1430_clump40_DLC6.1_180_S17,"""Moordyn_P200_C135_L1430_clump40_DLC6.1_180.dat""",11.8,19.8,180,2140701850,1,1.28,180,180,"""W:\TurbSim\workSpace\T49_extreme_turbsim\wind_DLC6.1_seed17.bts""",180,0.0,0.0,90.0,90.0,90.0,0.0,0.0,39.44,0.11
137,DLC6.1_180,Run_P200_C135_L1430_clump40_DLC6.1_180_S18,"""Moordyn_P200_C135_L1430_clump40_DLC6.1_180.dat""",11.8,19.8,180,2090877965,1,1.28,180,180,"""W:\TurbSim\workSpace\T49_extreme_turbsim\wind_DLC6.1_seed18.bts""",180,0.0,0.0,90.0,90.0,90.0,0.0,0.0,39.44,0.11
138,DLC6.1_180,Run_P200_C135_L1430_clump40_DLC6.1_180_S19,"""Moordyn_P200_C135_L1430_clump40_DLC6.1_180.dat""",11.8,19.8,180,-2000071483,1,1.28,180,180,"""W:\TurbSim\workSpace\T49_extreme_turbsim\wind_DLC6.1_seed19.bts""",180,0.0,0.0,90.0,90.0,90.0,0.0,0.0,39.44,0.11
139,DLC6.1_180,Run_P200_C135_L1430_clump40_DLC6.1_180_S20,"""Moordyn_P200_C135_L1430_clump40_DLC6.1_180.dat""",11.8,19.8,180,-1187845182,1,1.28,180,180,"""W:\TurbSim\workSpace\T49_extreme_turbsim\wind_DLC6.1_seed20.bts""",180,0.0,0.0,90.0,90.0,90.0,0.0,0.0,39.44,0.11
140,DLC6.1_180,Run_P200_C135_L1430_clump40_DLC6.1_180_S21,"""Moordyn_P200_C135_L1430_clump40_DLC6.1_180.dat""",11.8,19.8,180,1781113138,1,1.28,180,180,"""W:\TurbSim\workSpace\T49_extreme_turbsim\wind_DLC6.1_seed21.bts""",180,0.0,0.0,90.0,90.0,90.0,0.0,0.0,39.44,0.11
141,DLC6.1_180,Run_P200_C135_L1430_clump40_DLC6.1_180_S22,"""Moordyn_P200_C135_L1430_clump40_DLC6.1_180.dat""",11.8,19.8,180,1314565628,1,1.28,180,180,"""W:\TurbSim\workSpace\T49_extreme_turbsim\wind_DLC6.1_seed22.bts""",180,0.0,0.0,90.0,90.0,90.0,0.0,0.0,39.44,0.11
142,DLC6.1_180,Run_P200_C135_L1430_clump40_DLC6.1_180_S23,"""Moordyn_P200_C135_L1430_clump40_DLC6.1_180.dat""",11.8,19.8,180,-1712705038,1,1.28,180,180,"""W:\TurbSim\workSpace\T49_extreme_turbsim\wind_DLC6.1_seed23.bts""",180,0.0,0.0,90.0,90.0,90.0,0.0,0.0,39.44,0.11
143,DLC6.1_180,Run_P200_C135_L1430_clump40_DLC6.1_180_S24,"""Moordyn_P200_C135_L1430_clump40_DLC6.1_180.dat""",11.8,19.8,180,-1376512145,1,1.28,180,180,"""W:\TurbSim\workSpace\T49_extreme_turbsim\wind_DLC6.1_seed24.bts""",180,0.0,0.0,90.0,90.0,90.0,0.0,0.0,39.44,0.11
144,DLC6.1_180,Run_P200_C135_L1430_clump40_DLC6.1_180_S25,"""Moordyn_P200_C135_L1430_clump40_DLC6.1_180.dat""",11.8,19.8,180,-1437539743,1,1.28,180,180,"""W:\TurbSim\workSpace\T49_extreme_turbsim\wind_DLC6.1_seed25.bts""",180,0.0,0.0,90.0,90.0,90.0,0.0,0.0,39.44,0.11
145,DLC6.1_180,Run_P200_C135_L1430_clump40_DLC6.1_180_S26,"""Moordyn_P200_C135_L1430_clump40_DLC6.1_180.dat""",11.8,19.8,180,-786964333,1,1.28,180,180,"""W:\TurbSim\workSpace\T49_extreme_turbsim\wind_DLC6.1_seed26.bts""",180,0.0,0.0,90.0,90.0,90.0,0.0,0.0,39.44,0.11
146,DLC6.1_180,Run_P200_C135_L1430_clump40_DLC6.1_180_S27,"""Moordyn_P200_C135_L1430_clump40_DLC6.1_180.dat""",11.8,19.8,180,1702653625,1,1.28,180,180,"""W:\TurbSim\workSpace\T49_extreme_turbsim\wind_DLC6.1_seed27.bts""",180,0.0,0.0,90.0,90.0,90.0,0.0,0.0,39.44,0.11
147,DLC6.1_180,Run_P200_C135_L1430_clump40_DLC6.1_180_S28,"""Moordyn_P200_C135_L1430_clump40_DLC6.1_180.dat""",11.8,19.8,180,784836567,1,1.28,180,180,"""W:\TurbSim\workSpace\T49_extreme_turbsim\wind_DLC6.1_seed28.bts""",180,0.0,0.0,90.0,90.0,90.0,0.0,0.0,39.44,0.11
148,DLC6.1_180,Run_P200_C135_L1430_clump40_DLC6.1_180_S29,"""Moordyn_P200_C135_L1430_clump40_DLC6.1_180.dat""",11.8,19.8,180,1045872559,1,1.28,180,180,"""W:\TurbSim\workSpace\T49_extreme_turbsim\wind_DLC6.1_seed29.bts""",180,0.0,0.0,90.0,90.0,90.0,0.0,0.0,39.44,0.11
149,DLC6.1_180,Run_P200_C135_L1430_clump40_DLC6.1_180_S30,"""Moordyn_P200_C135_L1430_clump40_DLC6.1_180.dat""",11.8,19.8,180,-569868776,1,1.28,180,180,"""W:\TurbSim\workSpace\T49_extreme_turbsim\wind_DLC6.1_seed30.bts""",180,0.0,0.0,90.0,90.0,90.0,0.0,0.0,39.44,0.11
150,SLC_180,Run_P200_C135_L1430_clump40_SLC_180_S1,"""Moordyn_P200_C135_L1430_clump40_SLC_180.dat""",13.7,21.4,180,2106191508,1,1.44,180,180,"""W:\TurbSim\workSpace\T49_extreme_turbsim\wind_SLC_seed1.bts""",180,0.0,0.0,90.0,90.0,90.0,0.0,0.0,42.97,0.11
151,SLC_180,Run_P200_C135_L1430_clump40_SLC_180_S2,"""Moordyn_P200_C135_L1430_clump40_SLC_180.dat""",13.7,21.4,180,-1614373456,1,1.44,180,180,"""W:\TurbSim\workSpace\T49_extreme_turbsim\wind_SLC_seed2.bts""",180,0.0,0.0,90.0,90.0,90.0,0.0,0.0,42.97,0.11
152,SLC_180,Run_P200_C135_L1430_clump40_SLC_180_S3,"""Moordyn_P200_C135_L1430_clump40_SLC_180.dat""",13.7,21.4,180,1224190750,1,1.44,180,180,"""W:\TurbSim\workSpace\T49_extreme_turbsim\wind_SLC_seed3.bts""",180,0.0,0.0,90.0,90.0,90.0,0.0,0.0,42.97,0.11
153,SLC_180,Run_P200_C135_L1430_clump40_SLC_180_S4,"""Moordyn_P200_C135_L1430_clump40_SLC_180.dat""",13.7,21.4,180,169147448,1,1.44,180,180,"""W:\TurbSim\workSpace\T49_extreme_turbsim\wind_SLC_seed4.bts""",180,0.0,0.0,90.0,90.0,90.0,0.0,0.0,42.97,0.11
154,SLC_180,Run_P200_C135_L1430_clump40_SLC_180_S5,"""Moordyn_P200_C135_L1430_clump40_SLC_180.dat""",13.7,21.4,180,51085418,1,1.44,180,180,"""W:\TurbSim\workSpace\T49_extreme_turbsim\wind_SLC_seed5.bts""",180,0.0,0.0,90.0,90.0,90.0,0.0,0.0,42.97,0.11
155,SLC_180,Run_P200_C135_L1430_clump40_SLC_180_S6,"""Moordyn_P200_C135_L1430_clump40_SLC_180.dat""",13.7,21.4,180,-1667608823,1,1.44,180,180,"""W:\TurbSim\workSpace\T49_extreme_turbsim\wind_SLC_seed6.bts""",180,0.0,0.0,90.0,90.0,90.0,0.0,0.0,42.97,0.11
156,SLC_180,Run_P200_C135_L1430_clump40_SLC_180_S7,"""Moordyn_P200_C135_L1430_clump40_SLC_180.dat""",13.7,21.4,180,368017405,1,1.44,180,180,"""W:\TurbSim\workSpace\T49_extreme_turbsim\wind_SLC_seed7.bts""",180,0.0,0.0,90.0,90.0,90.0,0.0,0.0,42.97,0.11
157,SLC_180,Run_P200_C135_L1430_clump40_SLC_180_S8,"""Moordyn_P200_C135_L1430_clump40_SLC_180.dat""",13.7,21.4,180,348730685,1,1.44,180,180,"""W:\TurbSim\workSpace\T49_extreme_turbsim\wind_SLC_seed8.bts""",180,0.0,0.0,90.0,90.0,90.0,0.0,0.0,42.97,0.11
158,SLC_180,Run_P200_C135_L1430_clump40_SLC_180_S9,"""Moordyn_P200_C135_L1430_clump40_SLC_180.dat""",13.7,21.4,180,-1514992710,1,1.44,180,180,"""W:\TurbSim\workSpace\T49_extreme_turbsim\wind_SLC_seed9.bts""",180,0.0,0.0,90.0,90.0,90.0,0.0,0.0,42.97,0.11
159,SLC_180,Run_P200_C135_L1430_clump40_SLC_180_S10,"""Moordyn_P200_C135_L1430_clump40_SLC_180.dat""",13.7,21.4,180,1302263801,1,1.44,180,180,"""W:\TurbSim\workSpace\T49_extreme_turbsim\wind_SLC_seed10.bts""",180,0.0,0.0,90.0,90.0,90.0,0.0,0.0,42.97,0.11
160,SLC_180,Run_P200_C135_L1430_clump40_SLC_180_S11,"""Moordyn_P200_C135_L1430_clump40_SLC_180.dat""",13.7,21.4,180,1318817976,1,1.44,180,180,"""W:\TurbSim\workSpace\T49_extreme_turbsim\wind_SLC_seed11.bts""",180,0.0,0.0,90.0,90.0,90.0,0.0,0.0,42.97,0.11
161,SLC_180,Run_P200_C135_L1430_clump40_SLC_180_S12,"""Moordyn_P200_C135_L1430_clump40_SLC_180.dat""",13.7,21.4,180,1762310196,1,1.44,180,180,"""W:\TurbSim\workSpace\T49_extreme_turbsim\wind_SLC_seed12.bts""",180,0.0,0.0,90.0,90.0,90.0,0.0,0.0,42.97,0.11
162,SLC_180,Run_P200_C135_L1430_clump40_SLC_180_S13,"""Moordyn_P200_C135_L1430_clump40_SLC_180.dat""",13.7,21.4,180,-616233410,1,1.44,180,180,"""W:\TurbSim\workSpace\T49_extreme_turbsim\wind_SLC_seed13.bts""",180,0.0,0.0,90.0,90.0,90.0,0.0,0.0,42.97,0.11
163,SLC_180,Run_P200_C135_L1430_clump40_SLC_180_S14,"""Moordyn_P200_C135_L1430_clump40_SLC_180.dat""",13.7,21.4,180,-890704516,1,1.44,180,180,"""W:\TurbSim\workSpace\T49_extreme_turbsim\wind_SLC_seed14.bts""",180,0.0,0.0,90.0,90.0,90.0,0.0,0.0,42.97,0.11
164,SLC_180,Run_P200_C135_L1430_clump40_SLC_180_S15,"""Moordyn_P200_C135_L1430_clump40_SLC_180.dat""",13.7,21.4,180,-2016337880,1,1.44,180,180,"""W:\TurbSim\workSpace\T49_extreme_turbsim\wind_SLC_seed15.bts""",180,0.0,0.0,90.0,90.0,90.0,0.0,0.0,42.97,0.11
165,SLC_180,Run_P200_C135_L1430_clump40_SLC_180_S16,"""Moordyn_P200_C135_L1430_clump40_SLC_180.dat""",13.7,21.4,180,176476334,1,1.44,180,180,"""W:\TurbSim\workSpace\T49_extreme_turbsim\wind_SLC_seed16.bts""",180,0.0,0.0,90.0,90.0,90.0,0.0,0.0,42.97,0.11
166,SLC_180,Run_P200_C135_L1430_clump40_SLC_180_S17,"""Moordyn_P200_C135_L1430_clump40_SLC_180.dat""",13.7,21.4,180,-1913776205,1,1.44,180,180,"""W:\TurbSim\workSpace\T49_extreme_turbsim\wind_SLC_seed17.bts""",180,0.0,0.0,90.0,90.0,90.0,0.0,0.0,42.97,0.11
167,SLC_180,Run_P200_C135_L1430_clump40_SLC_180_S18,"""Moordyn_P200_C135_L1430_clump40_SLC_180.dat""",13.7,21.4,180,419737323,1,1.44,180,180,"""W:\TurbSim\workSpace\T49_extreme_turbsim\wind_SLC_seed18.bts""",180,0.0,0.0,90.0,90.0,90.0,0.0,0.0,42.97,0.11
168,SLC_180,Run_P200_C135_L1430_clump40_SLC_180_S19,"""Moordyn_P200_C135_L1430_clump40_SLC_180.dat""",13.7,21.4,180,765757202,1,1.44,180,180,"""W:\TurbSim\workSpace\T49_extreme_turbsim\wind_SLC_seed19.bts""",180,0.0,0.0,90.0,90.0,90.0,0.0,0.0,42.97,0.11
169,SLC_180,Run_P200_C135_L1430_clump40_SLC_180_S20,"""Moordyn_P200_C135_L1430_clump40_SLC_180.dat""",13.7,21.4,180,-606287944,1,1.44,180,180,"""W:\TurbSim\workSpace\T49_extreme_turbsim\wind_SLC_seed20.bts""",180,0.0,0.0,90.0,90.0,90.0,0.0,0.0,42.97,0.11
170,SLC_180,Run_P200_C135_L1430_clump40_SLC_180_S21,"""Moordyn_P200_C135_L1430_clump40_SLC_180.dat""",13.7,21.4,180,-1033065232,1,1.44,180,180,"""W:\TurbSim\workSpace\T49_extreme_turbsim\wind_SLC_seed21.bts""",180,0.0,0.0,90.0,90.0,90.0,0.0,0.0,42.97,0.11
171,SLC_180,Run_P200_C135_L1430_clump40_SLC_180_S22,"""Moordyn_P200_C135_L1430_clump40_SLC_180.dat""",13.7,21.4,180,239705831,1,1.44,180,180,"""W:\TurbSim\workSpace\T49_extreme_turbsim\wind_SLC_seed22.bts""",180,0.0,0.0,90.0,90.0,90.0,0.0,0.0,42.97,0.11
172,SLC_180,Run_P200_C135_L1430_clump40_SLC_180_S23,"""Moordyn_P200_C135_L1430_clump40_SLC_180.dat""",13.7,21.4,180,363548469,1,1.44,180,180,"""W:\TurbSim\workSpace\T49_extreme_turbsim\wind_SLC_seed23.bts""",180,0.0,0.0,90.0,90.0,90.0,0.0,0.0,42.97,0.11
173,SLC_180,Run_P200_C135_L1430_clump40_SLC_180_S24,"""Moordyn_P200_C135_L1430_clump40_SLC_180.dat""",13.7,21.4,180,1342605284,1,1.44,180,180,"""W:\TurbSim\workSpace\T49_extreme_turbsim\wind_SLC_seed24.bts""",180,0.0,0.0,90.0,90.0,90.0,0.0,0.0,42.97,0.11
174,SLC_180,Run_P200_C135_L1430_clump40_SLC_180_S25,"""Moordyn_P200_C135_L1430_clump40_SLC_180.dat""",13.7,21.4,180,706013685,1,1.44,180,180,"""W:\TurbSim\workSpace\T49_extreme_turbsim\wind_SLC_seed25.bts""",180,0.0,0.0,90.0,90.0,90.0,0.0,0.0,42.97,0.11
175,SLC_180,Run_P200_C135_L1430_clump40_SLC_180_S26,"""Moordyn_P200_C135_L1430_clump40_SLC_180.dat""",13.7,21.4,180,1003009123,1,1.44,180,180,"""W:\TurbSim\workSpace\T49_extreme_turbsim\wind_SLC_seed26.bts""",180,0.0,0.0,90.0,90.0,90.0,0.0,0.0,42.97,0.11
176,SLC_180,Run_P200_C135_L1430_clump40_SLC_180_S27,"""Moordyn_P200_C135_L1430_clump40_SLC_180.dat""",13.7,21.4,180,-1913899117,1,1.44,180,180,"""W:\TurbSim\workSpace\T49_extreme_turbsim\wind_SLC_seed27.bts""",180,0.0,0.0,90.0,90.0,90.0,0.0,0.0,42.97,0.11
177,SLC_180,Run_P200_C135_L1430_clump40_SLC_180_S28,"""Moordyn_P200_C135_L1430_clump40_SLC_180.dat""",13.7,21.4,180,1303299403,1,1.44,180,180,"""W:\TurbSim\workSpace\T49_extreme_turbsim\wind_SLC_seed28.bts""",180,0.0,0.0,90.0,90.0,90.0,0.0,0.0,42.97,0.11
178,SLC_180,Run_P200_C135_L1430_clump40_SLC_180_S29,"""Moordyn_P200_C135_L1430_clump40_SLC_180.dat""",13.7,21.4,180,-1951454714,1,1.44,180,180,"""W:\TurbSim\workSpace\T49_extreme_turbsim\wind_SLC_seed29.bts""",180,0.0,0.0,90.0,90.0,90.0,0.0,0.0,42.97,0.11
179,SLC_180,Run_P200_C135_L1430_clump40_SLC_180_S30,"""Moordyn_P200_C135_L1430_clump40_SLC_180.dat""",13.7,21.4,180,1458578271,1,1.44,180,180,"""W:\TurbSim\workSpace\T49_extreme_turbsim\wind_SLC_seed30.bts""",180,0.0,0.0,90.0,90.0,90.0,0.0,0.0,42.97,0.11
